Year,Oil_Price_USD,UAE_GDP_Growth,US_Fed_Funds_Rate,Inflation_Rate_UAE
2018,71.34,1.2,1.83,3.1
2019,64.30,3.4,2.16,1.9
2020,41.96,-4.8,0.37,2.1
2021,70.86,4.4,0.08,2.3
2022,100.93,7.9,1.69,4.8
2023,82.49,3.6,5.03,3.1
2024,80.52,3.8,4.58,2.4
2025,69.14,3.2,4.21,2.0
